model_a,mean,median,std,count
gpt-4o-mini_temp0,0.7771764545520358,0.82718520152147,0.17902666908394566,1022
gpt-5-mini,0.6977831676205752,0.804376929467302,0.23881744008180483,1970
gpt-5-nano,0.6702407839713181,0.7852305247999609,0.26251441688111216,1426
gpt-5.4-mini,0.6786174524915636,0.8104746342659679,0.26844260112095153,867
gpt-5.4-nano,0.5116708980103195,0.6000221349846593,0.31301845769132425,414
